"","LE_M","HLE_M","DLE_M","LE_F","HLE_F","DLE_F"
"1",25.3326173552552,16.920298721728,8.41231863352721,27.2540037573581,16.2894160182885,10.9645877390695
