"","LE_M","HLE_M","DLE_M","LE_F","HLE_F","DLE_F"
"1",24.9119290967561,16.6034414384586,8.30848765829753,26.7943403653972,15.4447594358932,11.349580929504
