"","LE_M","HLE_M","DLE_M","LE_F","HLE_F","DLE_F"
"1",25.8859247571892,16.5770999789548,9.30882477823438,27.2948669557423,16.1088067710701,11.1860601846722
